user,date,quality,duration,duration_deep_sleep,interruptions_counter
Juan García,2024-05-16,85,07:30:00,03:00:00,1
María Rodríguez,2024-05-16,85,07:30:00,03:00:00,1
Alejandro Martínez,2024-05-16,80,07:15:00,02:45:00,2
Sofía López,2024-05-16,85,07:30:00,03:00:00,1
Carlos Fernández,2024-05-16,85,07:30:00,03:00:00,1
Ana Pérez,2024-05-16,80,07:15:00,02:45:00,2
Luis González,2024-05-16,85,07:30:00,03:00:00,1
Elena Ruiz,2024-05-16,85,07:30:00,03:00:00,1
Diego Sánchez,2024-05-16,85,07:30:00,03:00:00,1
Carmen Gómez,2024-05-16,85,07:30:00,03:00:00,1
Juan García,2024-05-17,90,07:45:00,03:15:00,1
María Rodríguez,2024-05-17,90,07:45:00,03:15:00,0
Alejandro Martínez,2024-05-17,82,07:30:00,03:00:00,1
Sofía López,2024-05-17,90,07:45:00,03:15:00,1
Carlos Fernández,2024-05-17,90,07:45:00,03:15:00,1
Ana Pérez,2024-05-17,82,07:30:00,03:00:00,1
Luis González,2024-05-17,90,07:45:00,03:15:00,0
Elena Ruiz,2024-05-17,90,07:45:00,03:15:00,0
Diego Sánchez,2024-05-17,90,07:45:00,03:15:00,1
Carmen Gómez,2024-05-17,90,07:45:00,03:15:00,0
Juan García,2024-05-18,88,08:00:00,03:30:00,1
María Rodríguez,2024-05-18,88,08:00:00,03:30:00,1
Alejandro Martínez,2024-05-18,84,07:45:00,03:15:00,1
Sofía López,2024-05-18,88,08:00:00,03:30:00,0
Carlos Fernández,2024-05-18,88,08:00:00,03:30:00,1
Ana Pérez,2024-05-18,84,07:45:00,03:15:00,1
Luis González,2024-05-18,88,08:00:00,03:30:00,1
Elena Ruiz,2024-05-18,88,08:00:00,03:30:00,1
Diego Sánchez,2024-05-18,88,08:00:00,03:30:00,1
Carmen Gómez,2024-05-18,88,08:00:00,03:30:00,1
Juan García,2024-05-19,92,08:15:00,03:45:00,0
María Rodríguez,2024-05-19,92,08:15:00,03:45:00,0
Alejandro Martínez,2024-05-19,85,08:00:00,03:30:00,1
Sofía López,2024-05-19,92,08:15:00,03:45:00,0
Carlos Fernández,2024-05-19,92,08:15:00,03:45:00,0
Ana Pérez,2024-05-19,85,08:00:00,03:30:00,1
Luis González,2024-05-19,92,08:15:00,03:45:00,0
Elena Ruiz,2024-05-19,92,08:15:00,03:45:00,0
Diego Sánchez,2024-05-19,92,08:15:00,03:45:00,0
Carmen Gómez,2024-05-19,92,08:15:00,03:45:00,0
Juan García,2024-05-20,91,08:30:00,04:00:00,1
María Rodríguez,2024-05-20,91,08:30:00,04:00:00,0
Alejandro Martínez,2024-05-20,86,08:15:00,03:45:00,0
Sofía López,2024-05-20,91,08:30:00,04:00:00,0
Carlos Fernández,2024-05-20,91,08:30:00,04:00:00,1
Ana Pérez,2024-05-20,86,08:15:00,03:45:00,0
Luis González,2024-05-20,91,08:30:00,04:00:00,1
Elena Ruiz,2024-05-20,91,08:30:00,04:00:00,0
Diego Sánchez,2024-05-20,91,08:30:00,04:00:00,1
Carmen Gómez,2024-05-20,91,08:30:00,04:00:00,0
Juan García,2024-05-21,89,08:45:00,04:15:00,1
María Rodríguez,2024-05-21,89,08:45:00,04:15:00,1
Alejandro Martínez,2024-05-21,88,08:30:00,04:00:00,1
Sofía López,2024-05-21,89,08:45:00,04:15:00,1
Carlos Fernández,2024-05-21,89,08:45:00,04:15:00,1
Ana Pérez,2024-05-21,88,08:30:00,04:00:00,1
Luis González,2024-05-21,89,08:45:00,04:15:00,1
Elena Ruiz,2024-05-21,89,08:45:00,04:15:00,1
Diego Sánchez,2024-05-21,89,08:45:00,04:15:00,1
Carmen Gómez,2024-05-21,89,08:45:00,04:15:00,1
Juan García,2024-05-22,87,09:00:00,04:30:00,0
María Rodríguez,2024-05-22,87,09:00:00,04:30:00,0
Alejandro Martínez,2024-05-22,90,08:45:00,04:15:00,0
Sofía López,2024-05-22,87,09:00:00,04:30:00,1
Carlos Fernández,2024-05-22,87,09:00:00,04:30:00,0
Ana Pérez,2024-05-22,90,08:45:00,04:15:00,0
Luis González,2024-05-22,87,09:00:00,04:30:00,0
Elena Ruiz,2024-05-22,87,09:00:00,04:30:00,1
Diego Sánchez,2024-05-22,87,09:00:00,04:30:00,0
Carmen Gómez,2024-05-22,87,09:00:00,04:30:00,1
Juan García,2024-05-23,90,09:15:00,04:45:00,1
María Rodríguez,2024-05-23,90,09:15:00,04:45:00,1
Alejandro Martínez,2024-05-23,92,09:00:00,04:30:00,1
Sofía López,2024-05-23,90,09:15:00,04:45:00,1
Carlos Fernández,2024-05-23,90,09:15:00,04:45:00,1
Ana Pérez,2024-05-23,92,09:00:00,04:30:00,1
Luis González,2024-05-23,90,09:15:00,04:45:00,1
Elena Ruiz,2024-05-23,90,09:15:00,04:45:00,1
Diego Sánchez,2024-05-23,90,09:15:00,04:45:00,1
Carmen Gómez,2024-05-23,90,09:15:00,04:45:00,1